1, 13, a, bug
2, 14, ne, bug
3, 19, ça, bug
4, 21, ai, bug
5, 27, y, bug
6, 39, suis, not bug
7, 43, va, bug
8, 51, se, bug
9, 53, était, bug
10, 56, ici, bug
11, 57, sais, not bug
12, 59, veux, bug
13, 63, dit, bug
14, 64, es, not bug
15, 68, sont, bug
16, 69, cette, bug
17, 74, peux, bug
18, 75, vais, not bug
19, 79, avez, bug
20, 84, ont, bug
21, 90, allez, bug
22, 93, ces, not bug
23, 94, faut, bug
24, 96, êtes, not bug
25, 99, fais, not bug
26, 101, peut, bug
27, 103, m, bug
28, 106, peu, bug
29, 110, notre, bug
30, 116, avait, bug
31, 118, vu, bug
32, 124, viens, not bug
33, 125, crois, not bug
34, 127, dois, not bug
35, 134, étais, not bug
36, 137, aime, bug
37, 139, avais, not bug
38, 142, ans, not bug
39, 144, ses, not bug
40, 146, vos, not bug
41, 149, veut, bug
42, 150, eu, bug
43, 151, sera, bug
44, 152, bonne, bug
45, 153, parce, bug
46, 157, tes, not bug
47, 158, ca, bug
48, 159, dis, not bug
49, 162, doit, bug
50, 163, vois, not bug
51, 165, vas, not bug
52, 174, autres, not bug
53, 175, ii, bug
54, 176, toute, bug
55, 178, ll, bug
56, 182, nos, not bug
57, 183, ouais, not bug
58, 184, pense, bug
59, 190, cet, bug
60, 191, avons, not bug
61, 196, arrive, bug
62, 200, regarde, bug
63, 207, plaît, bug
64, 213, appelle, bug
65, 214, passe, bug
66, 219, arrête, bug
67, 220, faites, not bug
68, 221, voulez, bug
69, 222, hé, bug
70, 223, attends, not bug
71, 228, aurais, not bug
72, 229, voulais, not bug
73, 231, parle, bug
74, 232, ok, bug
75, 233, jours, not bug
76, 234, dû, bug
77, 238, gars, not bug
78, 239, hommes, not bug
79, 243, sommes, not bug
80, 245, eh, bug
81, 247, connais, not bug
82, 248, petite, bug
83, 251, savez, bug
84, 253, sait, bug
85, 257, pris, not bug
86, 260, prends, not bug
87, 263, serait, bug
88, 265, hui, bug
89, 268, pu, bug
90, 269, seule, bug
91, 271, ni, bug
92, 272, allons, not bug
93, 278, comprends, not bug
94, 279, entendu, bug
95, 280, trouvé, bug
96, 283, vient, bug
97, 285, aurait, bug
98, 286, quelques, not bug
99, 288, demande, bug
100, 292, pourrait, bug
101, 294, pouvez, bug
102, 298, amis, not bug
103, 299, venez, bug
104, 302, fini, bug
105, 305, truc, bug
106, 306, tiens, not bug
107, 308, eux, bug
108, 309, mec, bug
109, 310, yeux, bug
110, 311, laisse, bug
111, 312, super, bug
112, 313, belle, bug
113, 317, heures, not bug
114, 319, importe, bug
115, 321, vont, bug
116, 325, tué, bug
117, 334, mme, bug
118, 335, prie, bug
119, 337, trouve, bug
120, 340, compris, not bug
121, 342, leurs, not bug
122, 344, arrivé, bug
123, 346, chérie, bug
124, 349, étaient, bug
125, 350, ie, bug
126, 351, perdu, bug
127, 353, sois, not bug
128, 356, aimerais, not bug
129, 358, donne, bug
130, 359, attendez, bug
131, 362, devrais, not bug
132, 367, venu, bug
133, 372, savais, not bug
134, 374, s, not bug
135, 375, parlé, bug
136, 376, minutes, not bug
137, 377, regardez, bug
138, 379, première, bug
139, 383, dernière, bug
140, 384, donné, bug
141, 385, ia, bug
142, 387, écoute, bug
143, 389, devrait, bug
144, 390, mis, not bug
145, 392, aucune, bug
146, 398, femmes, not bug
147, 400, pourrais, not bug
148, 401, espère, bug
149, 403, h, bug
150, 404, boulot, bug
151, 410, désolée, bug
152, 411, grande, bug
153, 415, filles, not bug
154, 419, pensais, not bug
155, 424, dirait, bug
156, 427, demandé, bug
157, 429, mains, not bug
158, 433, années, not bug
159, 436, dites, not bug
160, 444, ceux, bug
161, 448, essaie, bug
162, 457, font, bug
163, 459, c, bug
164, 460, dollars, not bug
165, 462, dr, bug
166, 466, voulait, bug
167, 473, serai, bug
168, 475, á, bug
169, 476, souviens, not bug
170, 477, o, bug
171, 478, voyez, bug
172, 482, fera, bug
173, 483, prend, bug
174, 488, croyais, not bug
175, 490, devez, bug
176, 491, suffit, bug
177, 494, ben, bug
178, 499, messieurs, not bug
179, 501, voudrais, not bug
180, 503, prenez, bug
181, 505, voit, bug
182, 507, lls, not bug
183, 512, fous, not bug
184, 513, mlle, bug
185, 514, rentrer, bug
186, 515, ait, bug
187, 517, arrêtez, bug
188, 520, reviens, not bug
189, 523, attend, bug
190, 527, ira, bug
191, 528, e, bug
192, 532, new, bug
193, 534, pensé, bug
194, 535, l, bug
195, 538, adore, bug
196, 539, coeur, bug
197, 540, aimes, not bug
198, 541, ci, bug
199, 542, ferai, bug
200, 546, entends, not bug
201, 548, appelé, bug
202, 550, john, bug
203, 551, sors, not bug
204, 553, vaut, bug
205, 555, chéri, bug
206, 556, oublié, bug
207, 558, i, bug
208, 560, faute, bug
209, 566, commence, bug
210, 569, ies, not bug
211, 575, morts, not bug
212, 577, écrit, bug
213, 580, sinon, bug
214, 581, génial, bug
215, 583, veulent, bug
216, 585, rentre, bug
217, 586, travaille, bug
218, 588, voulu, bug
219, 589, cherche, bug
220, 597, york, bug
221, 598, laissé, bug
222, 600, mets, not bug
223, 602, soyez, bug
224, 603, jack, bug
225, 605, faisait, bug
226, 609, t, bug
227, 613, semble, bug
228, 616, penses, not bug
229, 617, parles, not bug
230, 621, voyons, not bug
231, 624, allait, bug
232, 625, d, bug
233, 631, morte, bug
234, 636, serais, not bug
235, 387, écoute, bug
236, 639, étiez, bug
237, 644, essayé, bug
238, 645, peuvent, bug
239, 648, changé, bug
240, 650, inquiète, bug
241, 657, semaines, not bug
242, 659, questions, not bug
243, 662, allé, bug
244, 667, petits, not bug
245, 670, nouvelles, not bug
246, 675, millions, not bug
247, 676, oublie, bug
248, 682, bouge, bug
249, 685, restez, bug
250, 686, celle, bug
251, 687, pouvais, not bug
252, 688, personnes, not bug
253, 689, ferais, not bug
254, 693, acheter, bug
255, 694, continue, bug
256, 698, j, bug
257, 701, sorte, bug
258, 705, certains, not bug
259, 707, promis, not bug
260, 709, ouvre, bug
261, 711, sûre, bug
262, 712, problèmes, not bug
263, 713, armes, not bug
264, 716, allais, not bug
265, 717, occupe, bug
266, 718, devait, bug
267, 720, connaissez, bug
268, 722, avaient, bug
269, 727, laissez, bug
270, 730, pars, not bug
271, 732, croyez, bug
272, 737, pouvait, bug
273, 744, commencé, bug
274, 747, pensez, bug
275, 752, seras, not bug
276, 753, pied, bug
277, 754, jolie, bug
278, 757, pieds, not bug
279, 758, n, bug
280, 759, devons, not bug
281, 762, aurai, bug
282, 765, fallait, bug
283, 766, monte, bug
284, 768, noël, bug
285, 770, mots, not bug
286, 771, tire, bug
287, 772, droite, bug
288, 773, libre, bug
289, 774, soeur, bug
290, 776, seront, bug
291, 781, euh, bug
292, 783, tue, bug
293, 785, connaît, bug
294, 789, écoutez, bug
295, 790, george, bug
296, 791, joe, bug
297, 793, entrez, bug
298, 796, auras, not bug
299, 797, gagné, bug
300, 798, fric, bug
301, 802, cool, bug
302, 807, retrouver, bug
303, 808, réussi, bug
304, 809, frank, bug
305, 811, aviez, bug
306, 812, meilleure, bug
307, 814, prêts, not bug
308, 815, doucement, bug
309, 818, rappelle, bug
310, 819, sam, bug
311, 820, fut, bug
312, 822, ordres, not bug
313, 823, appel, bug
314, 825, terminé, bug
315, 826, agit, bug
316, 830, charlie, bug
317, 835, ignore, bug
318, 836, meurtre, bug
319, 840, disais, not bug
320, 842, tom, bug
321, 843, jeunes, not bug
322, 845, parlez, bug
323, 846, fasse, bug
324, 848, déteste, bug
325, 851, disait, bug
326, 852, mauvaise, bug
327, 853, envoyé, bug
328, 854, â, bug
329, 856, heureuse, bug
330, 857, doivent, bug
331, 861, ferait, bug
332, 863, vraie, bug
333, 868, sortez, bug
334, 870, puisse, bug
335, 872, flics, not bug
336, 876, décidé, bug
337, 881, b, bug
338, 882, su, bug
339, 884, télé, bug
340, 886, jure, bug
341, 887, disent, bug
342, 888, mr, bug
343, 889, serez, bug
344, 890, devriez, bug
345, 891, devenu, bug
346, 892, aimé, bug
347, 896, suppose, bug
348, 899, pote, bug
349, 900, grosse, bug
350, 906, photos, not bug
351, 907, contrôle, bug
352, 908, prête, bug
353, 910, sorti, bug
354, 911, k, bug
355, 912, bons, not bug
356, 913, disparu, bug
357, 917, envoie, bug
358, 918, paul, bug
359, 921, paris, not bug
360, 929, folle, bug
361, 930, michael, bug
362, 931, mange, bug
363, 932, bravo, bug
364, 934, amérique, bug
365, 936, aille, bug
366, 940, rencontré, bug
367, 941, honte, bug
368, 942, connard, bug
369, 946, change, bug
370, 947, arrêté, bug
371, 948, enfer, bug
372, 950, livres, not bug
373, 953, david, bug
374, 955, savait, bug
375, 957, tenez, bug
376, 959, bob, bug
377, 960, rend, bug
378, 965, met, bug
379, 966, vol, bug
380, 967, vit, bug
381, 968, conneries, not bug
382, 969, aurez, bug
383, 970, imagine, bug
384, 972, joué, bug
385, 975, lu, bug
386, 978, pute, bug
387, 979, aie, bug
388, 980, ressemble, bug
389, 982, ennuis, not bug
390, 983, volé, bug
391, 985, devais, not bug
392, 990, existe, bug
393, 992, retourne, bug
394, 1001, présente, bug
395, 1002, dirai, bug
396, 1003, faudra, bug
397, 1009, coups, not bug
398, 1010, pourra, bug
399, 1015, grands, not bug
400, 1024, etre, bug
401, 1026, partez, bug
402, 1030, ecoutez, bug
403, 1033, secondes, not bug
404, 1036, pleine, bug
405, 1041, bonnes, not bug
406, 1042, paraît, bug
407, 1046, tient, bug
408, 1047, flic, bug
409, 1048, salaud, bug
410, 1050, tiré, bug
411, 1052, assis, not bug
412, 1063, viennent, bug
413, 1067, seuls, not bug
414, 1068, préfère, bug
415, 1073, croit, bug
416, 1074, payé, bug
417, 1075, travers, not bug
418, 1077, garçons, not bug
419, 1079, mesdames, not bug
420, 1081, bonheur, bug
421, 1082, rêves, not bug
422, 1085, mêmes, not bug
423, 1086, avions, not bug
424, 1087, mike, bug
425, 1088, nulle, bug
426, 1090, pouvons, not bug
427, 1093, sent, bug
428, 1097, unis, not bug
429, 1098, appelez, bug
430, 1102, comprenez, bug
431, 1105, johnny, bug
432, 1106, hey, bug
433, 1108, savent, bug
434, 1110, verra, bug
435, 1113, choisi, bug
436, 1117, aimez, bug
437, 1120, faisais, not bug
438, 1121, peter, bug
439, 1122, œil, bug
440, 1124, chère, bug
441, 1125, tourne, bug
442, 1126, ià, bug
443, 1128, félicitations, not bug
444, 1129, pose, bug
445, 1133, mecs, not bug
446, 1134, irai, bug
447, 1136, acheté, bug
448, 1137, laquelle, bug
449, 1139, intéresse, bug
450, 1140, utiliser, bug
451, 1141, match, bug
452, 1142, devient, bug
453, 1143, quitté, bug
454, 1146, plait, bug
455, 1150, harry, bug
456, 1151, you, bug
457, 1153, salope, bug
458, 1154, parie, bug
459, 1155, sert, bug
460, 1156, soldats, not bug
461, 1157, films, not bug
462, 1162, ouvert, bug
463, 1164, londres, not bug
464, 1165, eiie, bug
465, 1166, lequel, bug
466, 1176, petites, not bug
467, 1177, promets, not bug
468, 1183, auriez, bug
469, 1185, justice, bug
470, 1187, venus, not bug
471, 1188, max, bug
472, 1189, jimmy, bug
473, 1192, revient, bug
474, 1195, tombé, bug
475, 1196, faisons, not bug
476, 1197, épouser, bug
477, 1198, frères, not bug
478, 1199, veuillez, bug
479, 1201, colère, bug
480, 1202, bill, bug
481, 1204, james, not bug
482, 1205, pourriez, bug
483, 1206, jim, bug
484, 1208, ouvrez, bug
485, 1215, faudrait, bug
486, 1216, base, bug
487, 1217, fleurs, not bug
488, 1219, portes, not bug
489, 1226, histoires, not bug
490, 1230, excuse, bug
491, 1233, mary, bug
492, 1234, san, bug
493, 1239, aimais, not bug
494, 1243, dents, not bug
495, 1245, course, bug
496, 1246, ravi, bug
497, 1247, tueur, bug
498, 1250, jésus, not bug
499, 1253, essayez, bug
500, 1254, sauvé, bug
501, 1255, longue, bug
502, 1257, continuez, bug
503, 1258, paie, bug
504, 1263, dégage, bug
505, 1264, jambes, not bug
506, 1269, telle, bug
507, 1270, marie, bug
508, 1271, mien, bug
509, 1272, pius, not bug
510, 1275, types, not bug
511, 1276, p, bug
512, 1277, né, bug
513, 1279, gagne, bug
514, 1280, prévu, bug
515, 1281, chier, bug
516, 1282, trouves, not bug
517, 1283, u, bug
518, 1284, idées, not bug
519, 1285, touché, bug
520, 1286, rendu, bug
521, 1288, km, bug
522, 1289, retrouve, bug
523, 1290, ha, bug
524, 1291, f, bug
525, 1294, dérange, bug
526, 1295, arrivent, bug
527, 1298, foutu, bug
528, 1300, oubliez, bug
529, 1302, contente, bug
530, 1303, attendais, not bug
531, 1305, enchanté, bug
532, 1306, signifie, bug
533, 1307, américains, not bug
534, 1308, iis, not bug
535, 1309, quitte, bug
536, 1311, henry, bug
537, 1312, ayez, bug
538, 1317, certaines, not bug
539, 1318, r, bug
540, 1320, copine, bug
541, 1323, ramener, bug
542, 1324, descends, not bug
543, 1327, and, bug
544, 1331, envers, not bug
545, 1333, occupé, bug
546, 1335, blanche, bug
547, 1340, refuse, bug
548, 1341, charge, bug
549, 1342, billy, bug
550, 1343, chevaux, bug
551, 1344, v, bug
552, 1345, chiens, not bug
553, 1347, dure, bug
554, 1349, faits, not bug
555, 1350, animaux, bug
556, 1351, meilleurs, not bug
557, 1353, emmène, bug
558, 1354, étions, not bug
559, 1356, chaussures, not bug
560, 1358, mangé, bug
561, 1362, règles, not bug
562, 1365, bus, not bug
563, 1366, enfoiré, bug
564, 1367, dirais, not bug
565, 1369, vécu, bug
566, 1373, soient, bug
567, 1375, tony, bug
568, 1376, mettez, bug
569, 1377, nick, bug
570, 1378, arrivera, bug
571, 1380, code, bug
572, 1383, raconte, bug
573, 1387, cartes, not bug
574, 1392, toilettes, not bug
575, 1398, copain, bug
576, 1399, sache, bug
577, 1400, bu, bug
578, 1401, steve, bug
579, 1402, découvert, bug
580, 1407, rends, not bug
581, 1408, eddie, bug
582, 1410, viendra, bug
583, 1412, essaye, bug
584, 1418, partis, not bug
585, 1420, mienne, bug
586, 1423, destin, bug
587, 1425, dors, not bug
588, 1426, faite, bug
589, 1430, remettre, bug
590, 1431, ray, bug
591, 1433, restes, not bug
592, 1434, mètres, not bug
593, 1436, gosses, not bug
594, 1437, aiment, bug
595, 1438, washington, bug
596, 1439, habite, bug
597, 1442, apporté, bug
598, 1443, solution, bug
599, 1444, trouvez, bug
600, 1445, nouveaux, bug
601, 1449, remercie, bug
602, 1453, beaux, bug
603, 1456, menti, bug
604, 1457, três, not bug
605, 1459, enceinte, bug
606, 1462, vus, not bug
607, 1463, miss, not bug
608, 1466, end, bug
609, 1467, clients, not bug
610, 1469, Alex, bug
611, 1470, failli, bug
612, 1472, papiers, not bug
613, 1473, Sarah, bug
614, 1476, travaillé, bug
615, 1477, disons, not bug
616, 1479, dise, bug
617, 1480, aimait, bug
618, 1481, appelles, not bug
619, 1484, censé, bug
620, 1485, qu, bug
621, 1490, retrouvé, bug
622, 1491, charles, not bug
623, 1493, angleterre, bug
624, 1496, marre, bug
625, 1497, forces, not bug
626, 1498, tirez, bug
627, 1500, Danny, bug
628, 1501, trés, not bug
629, 1502, invité, bug
630, 1503, rentré, bug
631, 1505, pièces, not bug
632, 1506, lettres, not bug
633, 1509, tommy, bug
634, 1511, fout, bug
635, 1512, balles, not bug
636, 1513, flingue, bug
637, 1515, regrette, bug
638, 1516, to, bug
639, 1517, propres, not bug
640, 1519, appartient, bug
641, 1520, france, bug
642, 1525, voitures, not bug
643, 1530, stop, bug
644, 1536, richard, bug
645, 1537, noms, not bug
646, 1538, million, bug
647, 1539, cassé, bug
648, 1541, clés, not bug
649, 1542, noire, bug
650, 1543, man, bug
651, 1544, dépend, bug
652, 1545, derniers, not bug
653, 1546, doigts, not bug
654, 1547, réponds, not bug
655, 1550, preuves, not bug
656, 1553, entendez, bug
657, 1556, belles, not bug
658, 1557, oû, bug
659, 1558, apporte, bug
660, 1559, grandes, not bug
661, 1561, bobby, bug
662, 1562, bougez, bug
663, 1568, manqué, bug
664, 1570, venait, bug
665, 1576, urgence, bug
666, 1577, perds, not bug
667, 1578, points, not bug
668, 1579, meurt, bug
669, 1580, partons, not bug
670, 1581, troisième, bug
671, 1582, savons, not bug
672, 1583, folie, bug
673, 1585, chante, bug
674, 1587, répète, bug
675, 1589, humains, not bug
676, 1590, robert, bug
677, 1600, crains, not bug
678, 1605, forte, bug
679, 1606, gentille, bug
680, 1608, raisons, not bug
681, 1611, regardé, bug
682, 1612, jerry, bug
683, 1613, billets, not bug
684, 1614, fantastique, bug
685, 1615, lee, bug
686, 1620, fermé, bug
687, 1622, frappé, bug
688, 1624, douce, bug
689, 1626, parlait, bug
690, 1627, raté, bug
691, 1628, casse, bug
692, 1630, pourrai, bug
693, 1631, victoire, bug
694, 1632, voudrait, bug
695, 1633, remarqué, bug
696, 1635, pleure, bug
697, 1638, carrière, bug
698, 1639, sentiments, not bug
699, 1640, suivi, bug
700, 1641, vies, not bug
701, 1642, fiston, bug
702, 1643, vendu, bug
703, 1644, attendant, bug
704, 1645, pourras, not bug
705, 1646, amoureuse, bug
706, 1647, mens, not bug
707, 1649, chinois, not bug
708, 1651, appelait, bug
709, 1652, assure, bug
710, 1653, étant, bug
711, 1656, enlève, bug
712, 1658, meurs, not bug
713, 1659, secrets, not bug
714, 1662, aies, not bug
715, 1664, okay, bug
716, 1666, frappe, bug
717, 1673, cents, not bug
718, 1674, claire, bug
719, 1675, g, bug
720, 1678, prendra, bug
721, 1679, souhaite, bug
722, 1681, journaux, bug
723, 1684, demandez, bug
724, 1686, afin, bug
725, 1688, van, bug
726, 1689, auraient, bug
727, 1690, obligé, bug
728, 1691, major, bug
729, 1695, gardes, not bug
730, 1697, pauvres, not bug
731, 1698, noirs, not bug
732, 1700, cesse, bug
733, 1701, parfaitement, bug
734, 1702, excuses, not bug
735, 1706, vienne, bug
736, 1708, demandais, not bug
737, 1709, crétin, bug
738, 1710, gaffe, bug
739, 1711, cache, bug
740, 1712, disant, bug
741, 1714, dort, bug
742, 1716, blancs, not bug
743, 1718, vouliez, bug
744, 1719, jake, bug
745, 1720, vidéo, bug
746, 1722, vive, bug
747, 1723, anna, bug
748, 1724, martin, bug
749, 1725, iui, bug
750, 1727, entend, bug
751, 1728, jeux, bug
752, 1729, will, bug
753, 1730, verras, not bug
754, 1734, droits, not bug
755, 1735, assassin, bug
756, 1736, attendu, bug
757, 1737, montez, bug
758, 1738, nouvel, bug
759, 1739, pensent, bug
760, 1741, sérieusement, bug
761, 1742, cible, bug
762, 1743, prépare, bug
763, 1749, europe, bug
764, 1750, californie, bug
765, 1751, donnez, bug
766, 1757, accepte, bug
767, 1758, amené, bug
768, 1760, inquiétez, bug
769, 1761, perd, bug
770, 1763, informations, not bug
771, 1767, sexy, bug
772, 1768, serons, not bug
773, 1769, certaine, bug
774, 1770, parlons, not bug
775, 1772, étoiles, not bug
776, 1773, rome, bug
777, 1774, los, not bug
778, 1775, répondu, bug
779, 1776, resté, bug
780, 1780, genoux, bug
781, 1782, couilles, not bug
782, 1783, pilote, bug
783, 1784, maria, bug
784, 1786, ramène, bug
785, 1787, voulons, not bug
786, 1793, revenez, bug
787, 1794, vieil, bug
788, 1795, walter, bug
789, 1796, servi, bug
790, 1797, arrivés, not bug
791, 1798, lève, bug
792, 1799, voleur, bug
793, 1800, côtés, not bug
794, 1801, chris, not bug
795, 1803, préféré, bug
796, 1804, couché, bug
797, 1805, milliers, not bug
798, 1810, gardez, bug
799, 1812, détails, not bug
800, 1813, larry, bug
801, 1815, reposer, bug
802, 1817, cherchez, bug
803, 1819, conduit, bug
804, 1821, oreilles, not bug
805, 1823, regardes, not bug
806, 1824, joues, not bug
807, 1825, ennemis, not bug
808, 1826, attendent, bug
809, 1828, dieux, bug
810, 1829, talent, bug
811, 1830, aise, bug
812, 1832, passée, bug
813, 1833, comprend, bug
814, 1835, feras, not bug
815, 1839, jette, bug
816, 1840, test, bug
817, 1841, emmerde, bug
818, 1842, détruit, bug
819, 1845, marrant, bug
820, 1848, lance, bug
821, 1849, humaine, bug
822, 1851, jane, bug
823, 1853, enculé, bug
824, 1854, tuée, bug
825, 1855, saura, bug
826, 1857, pourrez, bug
827, 1858, passera, bug
828, 1860, comptes, not bug
829, 1861, dernières, not bug
830, 1864, invités, not bug
831, 1865, parlais, not bug
832, 1866, job, bug
833, 1869, mariés, not bug
834, 1870, rock, bug
835, 1872, coupé, bug
836, 1876, utilise, bug
837, 1877, victimes, not bug
838, 1879, aidé, bug
839, 1885, parfaite, bug
840, 1886, tombée, bug
841, 1887, extérieur, bug
842, 1888, entré, bug
843, 1890, concerne, bug
844, 1891, paroles, not bug
845, 1892, dira, bug
846, 1893, it, bug
847, 1895, fbi, bug
848, 1898, ouverte, bug
849, 1900, al, bug
850, 1902, grandi, bug
851, 1903, rappelles, not bug
852, 1904, dormi, bug
853, 1906, in, bug
854, 1907, angeles, not bug
855, 1911, membres, not bug
856, 1912, trouvée, bug
857, 1913, pete, bug
858, 1914, surpris, not bug
859, 1916, vole, bug
860, 1918, franchement, bug
861, 1919, apprécie, bug
862, 1924, faisant, bug
863, 1926, reculez, bug
864, 1927, moyens, not bug
865, 1928, importante, bug
866, 1931, pensait, bug
867, 1932, www, bug
868, 1934, smith, bug
869, 1935, minuit, bug
870, 1936, américaine, bug
871, 1937, courses, not bug
872, 1939, william, bug
873, 1942, caché, bug
874, 1943, haute, bug
875, 1946, riches, not bug
876, 1951, reviendra, bug
877, 1952, pousse, bug
878, 1954, passez, bug
879, 1955, services, not bug
880, 1956, doc, bug
881, 1957, rues, not bug
882, 1958, of, bug
883, 1959, risques, not bug
884, 1960, émission, bug
885, 1963, plans, not bug
886, 1965, louis, not bug
887, 1970, épée, bug
888, 1971, fesses, not bug
889, 1972, échange, bug
890, 1973, souvenirs, not bug
891, 1975, senti, bug
892, 1978, jeté, bug
893, 1982, hum, bug
894, 1984, vrais, not bug
895, 1985, arbres, not bug
896, 1986, saute, bug
897, 1988, meme, bug
898, 1989, battu, bug
899, 1992, chicago, bug
900, 1993, allemands, not bug
901, 1994, utilisé, bug
902, 1997, é, bug
903, 1998, coûte, bug
904, 2000, tres, not bug
905, 2001, offert, bug
906, 2002, sir, bug
907, 2003, no, bug
908, 2006, supplie, bug
909, 2007, dégagez, bug
910, 2008, raconté, bug
911, 2009, andy, bug
912, 2013, trouvera, bug
913, 2014, semblant, bug
914, 2015, ignorais, not bug
915, 2016, perdue, bug
916, 2018, rentrez, bug
917, 2019, premiers, not bug
918, 2022, racontes, not bug
919, 2024, oiseaux, bug
920, 2025, finie, bug
921, 2026, auront, bug
922, 2030, verrez, bug
923, 2032, lèvres, not bug
924, 2034, fac, bug
925, 2035, allo, bug
926, 2036, connaissais, not bug
927, 2037, gouverneur, bug
928, 2040, achète, bug
929, 2041, thomas, not bug
930, 2043, montré, bug
931, 2044, jones, not bug
932, 2045, écris, not bug
933, 2046, parlent, bug
934, 2049, créé, bug
935, 2057, dave, bug
936, 2058, études, not bug
937, 2060, mène, bug
938, 2061, respire, bug
939, 2063, suicide, bug
940, 2066, tienne, bug
941, 2067, laisserai, bug
942, 2070, allés, not bug
943, 2071, identité, bug
944, 2073, simon, bug
945, 2074, devenue, bug
946, 2078, pourraient, bug
947, 2080, explique, bug
948, 2082, fonctionne, bug
949, 2083, boy, bug
950, 2085, pensées, not bug
951, 2086, maisons, not bug
952, 2087, fantôme, bug
953, 2090, suit, bug
954, 2091, changement, bug
955, 2095, faveur, bug
956, 2097, touchez, bug
957, 2100, tués, not bug
958, 2103, portable, bug
959, 2104, chaleur, bug
960, 2106, répondez, bug
961, 2109, lois, not bug
962, 2111, attrape, bug
963, 2113, verrai, bug
964, 2114, notes, not bug
965, 2116, etait, bug
966, 2118, sacrée, bug
967, 2119, cherches, not bug
968, 2121, etat, bug
969, 2123, refusé, bug
970, 2126, bel, bug
971, 2127, monté, bug
972, 2128, idiote, bug
973, 2129, recherches, not bug
974, 2131, ennuie, bug
975, 2132, christ, bug
976, 2133, remonte, bug
977, 2134, plaisante, bug
978, 2135, city, bug
979, 2136, bat, bug
980, 2137, images, not bug
981, 2138, voulaient, bug
982, 2139, titres, not bug
983, 2140, alice, bug
984, 2142, moments, not bug
985, 2143, big, bug
986, 2150, réfléchi, bug
987, 2152, agents, not bug
988, 2154, prisonniers, not bug
989, 2156, afrique, bug
990, 2158, dan, bug
991, 2160, relations, not bug
992, 2161, texas, not bug
993, 2162, delà, bug
994, 2163, celles, not bug
995, 2165, deviens, not bug
996, 2166, bite, bug
997, 2167, laisses, not bug
998, 2168, dirige, bug
999, 2169, partenaire, bug
1000, 2174, street, bug
1001, 2175, inquiéter, bug
1002, 2177, fatiguée, bug
1003, 2179, demandes, not bug
1004, 2180, nana, bug
1005, 2181, re, bug
1006, 2182, coincé, bug
1007, 2183, tenu, bug
1008, 2184, viré, bug
1009, 2185, suspect, bug
1010, 2186, reconnais, not bug
1011, 2187, ressens, not bug
1012, 2188, juif, bug
1013, 2190, mexique, bug
1014, 2191, cherché, bug
1015, 2192, marine, bug
1016, 2194, finit, bug
1017, 2195, howard, bug
1018, 2197, jean, bug
1019, 2199, filer, bug
1020, 2200, kevin, bug
1021, 2204, signé, bug
1022, 2206, rêvé, bug
1023, 2210, donnes, not bug
1024, 2214, carl, bug
1025, 2215, commis, not bug
1026, 2217, copains, not bug
1027, 2219, cauchemar, bug
1028, 2221, hollywood, bug
1029, 2222, jeff, bug
1030, 2223, réfléchis, not bug
1031, 2225, hais, not bug
1032, 2228, soi, bug
1033, 2229, bagages, not bug
1034, 2231, traverser, bug
1035, 2232, commissaire, bug
1036, 2233, mac, bug
1037, 2234, donnerai, bug
1038, 2235, reviendrai, bug
1039, 2236, larmes, not bug
1040, 2238, Arthur, bug
1041, 2239, pigé, bug
1042, 2241, adam, bug
1043, 2244, st, bug
1044, 2245, croient, bug
1045, 2246, différents, not bug
1046, 2248, maudit, bug
1047, 2250, prendrai, bug
1048, 2253, dames, not bug
1049, 2254, lendemain, bug
1050, 2255, navré, bug
1051, 2256, prennent, bug
1052, 2257, sénateur, bug
1053, 2258, roule, bug
1054, 2259, montagnes, not bug
1055, 2261, juifs, not bug
1056, 2262, amuse, bug
1057, 2263, espérais, not bug
1058, 2265, merveilleuse, bug
1059, 2266, tournée, bug
1060, 2267, scott, bug
1061, 2270, tourné, bug
1062, 2272, permettez, bug
1063, 2278, enfance, bug
1064, 2281, saviez, bug
1065, 2282, chargé, bug
1066, 2284, recommence, bug
1067, 2287, jouez, bug
1068, 2289, ayant, bug
1069, 2290, go, bug
1070, 2291, pattes, not bug
1071, 2292, ravie, bug
1072, 2294, réveillé, bug
1073, 2295, miles, not bug
1074, 2298, écoutes, not bug
1075, 2300, mauvaises, not bug
1076, 2303, chine, bug
1077, 2304, sonne, bug
1078, 2305, envoyez, bug
1079, 2307, kate, bug
1080, 2310, lieux, bug
1081, 2311, brûle, bug
1082, 2312, russes, not bug
1083, 2313, murs, not bug
1084, 2315, etes, not bug
1085, 2317, troupes, not bug
1086, 2318, titrage, bug
1087, 2322, seraient, bug
1088, 2324, Susan, bug
1089, 2326, trouverai, bug
1090, 2328, voisins, not bug
1091, 2329, nuits, not bug
1092, 2330, chances, not bug
1093, 2331, contrôler, bug
1094, 2332, compliqué, bug
1095, 2333, voyais, not bug
1096, 2335, ancienne, bug
1097, 2337, avancez, bug
1098, 2340, explosion, bug
1099, 2343, gardé, bug
1100, 2345, Annie, bug
1101, 2346, témoins, not bug
1102, 2348, humanité, bug
1103, 2349, amen, bug
1104, 2351, restera, bug
1105, 2355, conduis, not bug
1106, 2356, sales, not bug
1107, 2357, traces, not bug
1108, 2360, joey, bug
1109, 2362, Kelly, bug
1110, 2363, semblait, bug
1111, 2364, vivants, not bug
1112, 2365, voient, bug
1113, 2366, représente, bug
1114, 2369, lá, bug
1115, 2370, familles, not bug
1116, 2372, surveille, bug
1117, 2374, gêne, bug
1118, 2376, pére, bug
1119, 2377, devraient, bug
1120, 2379, haine, bug
1121, 2380, Rachel, bug
1122, 2381, Jason, bug
1123, 2383, ted, bug
1124, 2386, traité, bug
1125, 2387, vivent, bug
1126, 2388, chansons, not bug
1127, 2389, souvenez, bug
1128, 2390, entière, bug
1129, 2392, préparé, bug
1130, 2393, top, bug
1131, 2394, enchantée, bug
1132, 2396, traite, bug
1133, 2401, posé, bug
1134, 2403, gamins, not bug
1135, 2404, taule, bug
1136, 2405, retournez, bug
1137, 2406, médicaments, not bug
1138, 2410, débile, bug
1139, 2413, privée, bug
1140, 2415, ho, bug
1141, 2416, ed, bug
1142, 2417, king, bug
1143, 2419, réglé, bug
1144, 2421, apprend, bug
1145, 2422, quant, bug
1146, 2427, devine, bug
1147, 2429, vente, bug
1148, 2430, plu, bug
1149, 2431, joueur, bug
1150, 2433, aurons, not bug
1151, 2434, up, bug
1152, 2435, mensonges, not bug
1153, 2436, fermez, bug
1154, 2439, soyons, not bug
1155, 2441, appelée, bug
1156, 2442, projets, not bug
1157, 2448, passait, bug
1158, 2452, victor, bug
1159, 2454, black, bug
1160, 2457, dick, bug
1161, 2458, com, bug
1162, 2459, matt, bug
1163, 2460, kilomètres, not bug
1164, 2461, baise, bug
1165, 2462, x, bug
1166, 2463, sers, not bug
1167, 2464, abandonne, bug
1168, 2465, vivante, bug
1169, 2466, spéciale, bug
1170, 2467, prof, bug
1171, 2468, poissons, not bug
1172, 2469, bosser, bug
1173, 2470, cherchais, not bug
1174, 2471, my, bug
1175, 2473, cigarettes, not bug
1176, 2474, amies, not bug
1177, 2476, responsabilité, bug
1178, 2477, sauve, bug
1179, 2478, devrions, not bug
1180, 2479, lucy, bug
1181, 2480, atteint, bug
1182, 2482, humeur, bug
1183, 2483, descendez, bug
1184, 2484, résultats, not bug
1185, 2485, tenté, bug
1186, 2486, baisse, bug
1187, 2487, mn, bug
1188, 2489, empreintes, not bug
1189, 2494, lisa, bug
1190, 2495, engagé, bug
1191, 2498, brian, bug
1192, 2500, chers, not bug
1193, 2502, choisis, not bug
1194, 2503, voila, bug
1195, 2506, lord, bug
1196, 2507, données, not bug
1197, 2508, détective, bug
1198, 2509, rouges, not bug
1199, 2510, fred, bug
1200, 2514, anne, bug
1201, 2515, roy, bug
1202, 2518, devra, bug
1203, 2519, francisco, bug
1204, 2521, roger, bug
1205, 2525, pareille, bug
1206, 2530, sainte, bug
1207, 2531, soucis, not bug
1208, 2532, allemagne, bug
1209, 2534, fallu, bug
1210, 2536, suivez, bug
1211, 2538, q, bug
1212, 2539, morceaux, bug
1213, 2540, construit, bug
1214, 2543, normale, bug
1215, 2544, attendait, bug
1216, 2545, bye, bug
1217, 2547, embrasse, bug
1218, 2549, bouffe, bug
1219, 2551, seriez, bug
1220, 2555, endroits, not bug
1221, 2557, nommé, bug
1222, 2559, hall, bug
1223, 2560, réalisé, bug
1224, 2561, terry, bug
1225, 2563, enlevé, bug
1226, 2566, abruti, bug
1227, 2568, répond, bug
1228, 2569, red, bug
1229, 2570, emmené, bug
1230, 2571, cadeaux, bug
1231, 2574, johnson, bug
1232, 2575, différente, bug
1233, 2580, imaginez, bug
1234, 2581, excusez, bug
1235, 2582, trompé, bug
1236, 2586, descend, bug
1237, 2587, centaines, not bug
1238, 2590, entraînement, bug
1239, 2591, terminée, bug
1240, 2593, esprits, not bug
1241, 2594, phil, bug
1242, 2597, imagination, bug
1243, 2598, chut, bug
1244, 2599, park, bug
1245, 2600, existence, bug
1246, 2602, décide, bug
1247, 2603, eric, bug
1248, 2605, criminel, bug
1249, 2608, terres, not bug
1250, 2609, charmante, bug
1251, 2612, craint, bug
1252, 2613, croyait, bug
1253, 2617, anciens, not bug
1254, 2618, cris, not bug
1255, 2619, passes, not bug
1256, 2621, réveille, bug
1257, 2622, feront, bug
1258, 2624, têtes, not bug
1259, 2625, souffre, bug
1260, 2626, quiconque, bug
1261, 2628, césar, bug
1262, 2629, arrives, not bug
1263, 2630, empêche, bug
1264, 2631, brisé, bug
1265, 2633, russie, bug
1266, 2634, Jackson, bug
1267, 2635, bêtes, not bug
1268, 2637, excellente, bug
1269, 2638, passent, bug
1270, 2639, ferez, bug
1271, 2640, pub, bug
1272, 2642, version, bug
1273, 2643, permet, bug
1274, 2644, parte, bug
1275, 2649, étrangers, not bug
1276, 2650, finis, not bug
1277, 2651, erreurs, not bug
1278, 2652, feriez, bug
1279, 2653, propose, bug
1280, 2656, approchez, bug
1281, 2657, différentes, not bug
1282, 2658, traduction, bug
1283, 2659, reconnu, bug
1284, 2661, meurtres, not bug
1285, 2664, juré, bug
1286, 2667, rapports, not bug
1287, 2670, aimerait, bug
1288, 2672, lutte, bug
1289, 2673, fière, bug
1290, 2674, is, not bug
1291, 2675, japon, bug
1292, 2677, labo, bug
1293, 2678, ya, bug
1294, 2681, indiens, not bug
1295, 2682, donnera, bug
1296, 2683, restent, bug
1297, 2685, seins, not bug
1298, 2686, étonnant, bug
1299, 2687, uns, not bug
1300, 2689, inventé, bug
1301, 2690, sérieuse, bug
1302, 2691, ment, bug
1303, 2693, invite, bug
1304, 2694, potes, not bug
1305, 2696, vegas, not bug
1306, 2700, fume, bug
1307, 2701, équipage, bug
1308, 2703, trouvent, bug
1309, 2704, crie, bug
1310, 2705, laura, bug
1311, 2708, boit, bug
1312, 2709, bombes, not bug
1313, 2716, née, bug
1314, 2717, supporte, bug
1315, 2719, conduite, bug
1316, 2720, lci, bug
1317, 2721, brown, bug
1318, 2722, pure, bug
1319, 2724, porté, bug
1320, 2725, voyait, bug
1321, 2728, nationale, bug
1322, 2730, machines, not bug
1323, 2731, julie, bug
1324, 2733, emily, bug
1325, 2734, ouah, bug
1326, 2735, bijoux, bug
1327, 2737, acteurs, not bug
1328, 2738, sentez, bug
1329, 2739, couleurs, not bug
1330, 2741, travaillait, bug
1331, 2742, Wilson, bug
1332, 2744, camarades, not bug
1333, 2746, accompagne, bug
1334, 2747, passés, not bug
1335, 2748, médecins, not bug
1336, 2749, revenue, bug
1337, 2753, coupez, bug
1338, 2758, actions, not bug
1339, 2760, officiers, not bug
1340, 2761, prévenu, bug
1341, 2762, chaude, bug
1342, 2763, bains, not bug
1343, 2764, démon, bug
1344, 2765, pierres, not bug
1345, 2767, forcément, bug
1346, 2768, lumières, not bug
1347, 2770, jouait, bug
1348, 2771, vérifie, bug
1349, 2772, comportement, bug
1350, 2773, avoue, bug
1351, 2774, aient, bug
1352, 2775, buvez, bug
1353, 2776, calmer, bug
1354, 2777, amy, bug
1355, 2779, nôtres, not bug
1356, 2780, obtenu, bug
1357, 2782, parlera, bug
1358, 2783, Ryan, bug
1359, 2784, boss, not bug
1360, 2786, correct, bug
1361, 2788, libres, not bug
1362, 2790, doué, bug
1363, 2791, appellent, bug
1364, 2792, repose, bug
1365, 2793, conditions, not bug
1366, 2795, protège, bug
1367, 2800, infos, not bug
1368, 2801, jolies, not bug
1369, 2803, kim, bug
1370, 2804, essayons, not bug
1371, 2806, jeunesse, bug
1372, 2808, bébés, not bug
1373, 2809, chuck, bug
1374, 2810, plaisantes, not bug
1375, 2812, aiors, not bug
1376, 2813, échappé, bug
1377, 2814, fausse, bug
1378, 2815, jury, bug
1379, 2816, étudiants, not bug
1380, 2818, espagne, bug
1381, 2819, aprés, not bug
1382, 2820, blonde, bug
1383, 2823, vend, bug
1384, 2826, appellerai, bug
1385, 2828, pouvoirs, not bug
1386, 2829, laissée, bug
1387, 2832, el, bug
1388, 2833, apprends, not bug
1389, 2835, tape, bug
1390, 2836, remis, not bug
1391, 2839, prenons, not bug
1392, 2840, pressé, bug
1393, 2845, bêtises, not bug
1394, 2846, appels, not bug
1395, 2848, travailles, not bug
1396, 2850, vends, not bug
1397, 2851, armé, bug
1398, 2854, bleue, bug
1399, 2856, foutez, bug
1400, 2858, oeufs, not bug
1401, 2860, daniel, bug
1402, 2861, êtres, not bug
1403, 2862, vengeance, bug
1404, 2863, stan, bug
1405, 2864, essayais, not bug
1406, 2865, minable, bug
1407, 2867, gordon, bug
1408, 2868, uniquement, bug
1409, 2869, salauds, not bug
1410, 2870, alan, bug
1411, 2871, froide, bug
1412, 2872, helen, bug
1413, 2873, portée, bug
1414, 2875, attaqué, bug
1415, 2878, scientifique, bug
1416, 2880, lady, bug
1417, 2884, blessés, not bug
1418, 2886, iras, not bug
1419, 2890, disiez, bug
1420, 2891, venais, not bug
1421, 2893, moque, bug
1422, 2894, chambres, not bug
1423, 2895, convaincu, bug
1424, 2897, aiiez, bug
1425, 2898, rencontrés, not bug
1426, 2900, aimée, bug
1427, 2901, irait, bug
1428, 2902, épousé, bug
1429, 2904, joseph, bug
1430, 2906, milliards, not bug
1431, 2908, oeuvre, bug
1432, 2910, bible, bug
1433, 2912, sacs, not bug
1434, 2913, avocats, not bug
1435, 2914, yo, bug
1436, 2915, meurent, bug
1437, 2916, connaissait, bug
1438, 2917, union, bug
1439, 2918, ex, bug
1440, 2919, sally, bug
1441, 2921, taylor, bug
1442, 2922, maggie, bug
1443, 2923, perdus, not bug
1444, 2924, malades, not bug
1445, 2928, écrivain, bug
1446, 2930, survécu, bug
1447, 2931, julia, bug
1448, 2932, vérifié, bug
1449, 2933, linda, bug
1450, 2936, sauté, bug
1451, 2940, prenne, bug
1452, 2941, site, bug
1453, 2942, engager, bug
1454, 2947, berlin, bug
1455, 2948, parlant, bug
1456, 2950, jenny, bug
1457, 2951, voudras, not bug
1458, 2952, sentais, not bug
1459, 2954, élèves, not bug
1460, 2955, manques, not bug
1461, 2956, faisaient, bug
1462, 2957, partage, bug
1463, 2958, légende, bug
1464, 2960, voleurs, not bug
1465, 2961, fruits, not bug
1466, 2962, préviens, not bug
1467, 2963, connaissent, bug
1468, 2964, venant, bug
1469, 2965, policiers, not bug
1470, 2967, pommes, not bug
1471, 2968, meilleures, not bug
1472, 2972, objets, not bug
1473, 2973, idiots, not bug
1474, 2975, saurais, not bug
1475, 2977, ailes, not bug
1476, 2978, explication, bug
1477, 2979, ô, bug
1478, 2980, bond, bug
1479, 2981, floride, bug
1480, 2982, travaillez, bug
1481, 2983, carter, bug
1482, 2985, portait, bug
1483, 2986, condamné, bug
1484, 2988, recule, bug
1485, 2989, bénisse, bug
1486, 2990, associé, bug
1487, 2992, écouté, bug
1488, 2994, edward, bug
1489, 2998, albert, bug
1490, 3001, communauté, bug
1491, 3003, éducation, bug
1492, 3004, ramené, bug
1493, 3005, réponses, not bug
1494, 3009, désire, bug
1495, 3010, lignes, not bug
1496, 3011, incident, bug
1497, 3012, kilos, not bug
1498, 3013, rats, not bug
1499, 3015, parties, not bug
1500, 3017, wayne, bug
1501, 3019, bottes, not bug
1502, 3021, patients, not bug
1503, 3022, suivante, bug
1504, 3023, respecte, bug
1505, 3024, attrapé, bug
1506, 3025, junior, bug
1507, 3027, professionnel, bug
1508, 3028, devoirs, not bug
1509, 3029, conseils, not bug
1510, 3030, effets, not bug
1511, 3031, fichu, bug
1512, 3033, messages, not bug
1513, 3034, baby, bug
1514, 3035, crimes, not bug
1515, 3036, moscou, bug
1516, 3037, villes, not bug
1517, 3038, voudra, bug
1518, 3041, organisation, bug
1519, 3043, forts, not bug
1520, 3044, eue, bug
1521, 3048, fasses, not bug
1522, 3049, pizza, bug
1523, 3051, french, bug
1524, 3052, dossiers, not bug
1525, 3054, voudrez, bug
1526, 3055, arrivait, bug
1527, 3056, roses, not bug
1528, 3059, mére, bug
1529, 3061, forcé, bug
1530, 3063, grosses, not bug
1531, 3066, vivait, bug
1532, 3067, aidera, bug
1533, 3068, géant, bug
1534, 3069, tim, bug
1535, 3070, tours, not bug
1536, 3071, retire, bug
1537, 3074, risqué, bug
1538, 3075, hitler, bug
1539, 3077, show, bug
1540, 3081, tuerai, bug
1541, 3082, anges, not bug
1542, 3085, rentres, not bug
1543, 3086, tokyo, bug
1544, 3088, love, bug
1545, 3089, tests, not bug
1546, 3092, sortira, bug
1547, 3093, soirs, not bug
1548, 3095, magazine, bug
1549, 3096, verres, not bug
1550, 3098, vieilles, not bug
1551, 3099, pourrions, not bug
1552, 3102, miller, bug
1553, 3104, cons, not bug
1554, 3105, golf, bug
1555, 3109, possède, bug
1556, 3112, efforts, not bug
1557, 3113, pere, bug
1558, 3114, putains, not bug
1559, 3118, épreuve, bug
1560, 3121, Frankie, bug
1561, 3122, échoué, bug
1562, 3125, sortes, not bug
1563, 3126, circonstances, not bug
1564, 3127, kong, bug
1565, 3128, mignonne, bug
1566, 3129, excellence, bug
1567, 3131, do, bug
1568, 3133, arrêtes, not bug
1569, 3134, nôtre, bug
1570, 3136, Morgan, bug
1571, 3137, enterré, bug
1572, 3138, tandis, not bug
1573, 3139, duc, bug
1574, 3140, pêre, bug
1575, 3141, assassiné, bug
1576, 3142, ooo, bug
1577, 3145, arrangé, bug
1578, 3149, crève, bug
1579, 3150, Jesse, bug
1580, 3151, Bruce, bug
1581, 3152, Sara, bug
1582, 3154, donnent, bug
1583, 3155, Luke, bug
1584, 3158, secrète, bug
1585, 3161, comédie, bug
1586, 3163, baisé, bug
1587, 3164, cardiaque, bug
1588, 3165, Catherine, bug
1589, 3166, chiffres, not bug
1590, 3168, trouverez, bug
1591, 3170, altesse, bug
1592, 3171, occupée, bug
1593, 3172, intelligente, bug
1594, 3175, géniale, bug
1595, 3176, limites, not bug
1596, 3177, Nancy, bug
1597, 3179, éternité, bug
1598, 3180, ball, bug
1599, 3182, prises, not bug
1600, 3183, viendrai, bug
1601, 3184, rempli, bug
1602, 3185, clairement, bug
1603, 3186, intérêts, not bug
1604, 3188, aides, not bug
1605, 3189, feux, bug
1606, 3190, Betty, bug
1607, 3191, copie, bug
1608, 3192, profondément, bug
1609, 3193, fâché, bug
1610, 3196, souffrance, bug
1611, 3198, mile, bug
1612, 3199, posez, bug
1613, 3201, ali, bug
1614, 3203, fenêtres, not bug
1615, 3204, pue, bug
1616, 3207, traversé, bug
1617, 3209, énerve, bug
1618, 3210, rentrons, not bug
1619, 3212, fonce, bug
1620, 3213, Harvey, bug
1621, 3214, Kyle, bug
1622, 3215, produits, not bug
1623, 3217, grace, bug
1624, 3218, bleus, not bug
1625, 3219, assistant, bug
1626, 3222, yeah, bug
1627, 3223, saches, not bug
1628, 3226, evidemment, bug
1629, 3227, reçois, not bug
1630, 3229, liaison, bug
1631, 3230, prouve, bug
1632, 3232, aprês, not bug
1633, 3235, criminels, not bug
1634, 3236, irais, not bug
1635, 3239, boston, bug
1636, 3240, parlerai, bug
1637, 3241, places, not bug
1638, 3243, gagnant, bug
1639, 3247, mêre, bug
1640, 3248, stanley, bug
1641, 3249, trouvait, bug
1642, 3251, personnellement, bug
1643, 3253, champs, not bug
1644, 3254, tuera, bug
1645, 3256, actes, not bug
1646, 3257, restait, bug
1647, 3261, ferons, not bug
1648, 3262, cherchent, bug
1649, 3263, tenait, bug
1650, 3264, exécution, bug
1651, 3265, ann, bug
1652, 3266, lou, bug
1653, 3267, pédé, bug
1654, 3270, sortent, bug
1655, 3271, bateaux, bug
1656, 3272, allaient, bug
1657, 3274, assise, bug
1658, 3276, commencez, bug
1659, 3277, furent, bug
1660, 3278, prenait, bug
1661, 3279, brad, bug
1662, 3281, médecine, bug
1663, 3283, sortis, not bug
1664, 3286, finale, bug
1665, 3287, plais, not bug
1666, 3288, durs, not bug
1667, 3291, esclaves, not bug
1668, 3292, instructions, not bug
1669, 3294, documents, not bug
1670, 3295, taré, bug
1671, 3296, rick, bug
1672, 3299, mettent, bug
1673, 3303, final, bug
1674, 3305, attendrai, bug
1675, 3307, chan, bug
1676, 3308, pardonne, bug
1677, 3311, w, bug
1678, 3312, degrés, not bug
1679, 3313, rires, not bug
1680, 3314, west, bug
1681, 3315, parker, bug
1682, 3316, tuez, bug
1683, 3317, œufs, not bug
1684, 3319, nerfs, not bug
1685, 3320, portefeuille, bug
1686, 3322, internet, bug
1687, 3323, expert, bug
1688, 3324, hank, bug
1689, 3325, surveillance, bug
1690, 3326, foutue, bug
1691, 3327, rita, bug
1692, 3328, réalisateur, bug
1693, 3330, martha, bug
1694, 3331, descendu, bug
1695, 3332, patrick, bug
1696, 3333, comté, bug
1697, 3335, finira, bug
1698, 3336, caméras, not bug
1699, 3339, destruction, bug
1700, 3341, Carlos, not bug
1701, 3343, âmes, not bug
1702, 3344, expression, bug
1703, 3345, marchera, bug
1704, 3348, salopard, bug
1705, 3351, all, bug
1706, 3352, promener, bug
1707, 3353, employés, not bug
1708, 3355, producteur, bug
1709, 3356, attendons, not bug
1710, 3357, quittez, bug
1711, 3359, wow, bug
1712, 3361, chats, not bug
1713, 3362, remets, not bug
1714, 3365, Pasteur, bug
1715, 3366, alliez, bug
1716, 3368, heu, bug
1717, 3369, by, bug
1718, 3370, lancé, bug
1719, 3371, diamants, not bug
1720, 3372, donnée, bug
1721, 3376, renseignements, not bug
1722, 3377, gang, bug
1723, 3378, loué, bug
1724, 3381, travaux, bug
1725, 3382, poussé, bug
1726, 3383, division, bug
1727, 3385, repartir, bug
1728, 3386, trous, not bug
1729, 3387, rappelez, bug
1730, 3388, totale, bug
1731, 3390, réservé, bug
1732, 3391, Willie, bug
1733, 3393, fermée, bug
1734, 3396, diras, not bug
1735, 3399, siècles, not bug
1736, 3400, nerveuse, bug
1737, 3401, bonbons, not bug
1738, 3403, pourri, bug
1739, 3405, fantômes, not bug
1740, 3406, termine, bug
1741, 3407, monstres, not bug
1742, 3408, écraser, bug
1743, 3409, espérons, not bug
1744, 3410, bétail, bug
1745, 3411, miens, not bug
1746, 3412, changera, bug
1747, 3413, adultes, not bug
1748, 3414, restée, bug
1749, 3417, pari, bug
1750, 3419, cessez, bug
1751, 3420, Elizabeth, bug
1752, 3421, exige, bug
1753, 3423, Jackie, bug
1754, 3424, démarre, bug
1755, 3425, lâchez, bug
1756, 3426, Marty, bug
1757, 3427, passons, not bug
1758, 3428, vic, bug
1759, 3429, semblez, bug
1760, 3430, gérer, bug
1761, 3432, invitée, bug
1762, 3433, injuste, bug
1763, 3434, désirez, bug
1764, 3436, normalement, bug
1765, 3438, dalle, bug
1766, 3439, mondiale, bug
1767, 3440, comptez, bug
1768, 3442, filmer, bug
1769, 3443, rapporte, bug
1770, 3445, trouveras, not bug
1771, 3447, convient, bug
1772, 3449, habitants, not bug
1773, 3450, Mamie, bug
1774, 3451, nuages, not bug
1775, 3452, hmm, bug
1776, 3453, trahi, bug
1777, 3454, biens, not bug
1778, 3455, Lewis, not bug
1779, 3457, créatures, not bug
1780, 3458, militaires, not bug
1781, 3459, blessures, not bug
1782, 3460, barbara, bug
1783, 3461, Louise, bug
1784, 3463, grant, bug
1785, 3464, étudié, bug
1786, 3465, courez, bug
1787, 3467, soeurs, not bug
1788, 3468, soins, not bug
1789, 3475, fan, bug
1790, 3478, molly, bug
1791, 3480, Davis, not bug
1792, 3482, pervers, not bug
1793, 3485, trouvais, not bug
1794, 3488, cadavres, not bug
1795, 3489, échappe, bug
1796, 3493, libéré, bug
1797, 3494, signes, not bug
1798, 3495, fêtes, not bug
1799, 3497, lisez, bug
1800, 3498, commençons, not bug
1801, 3499, robin, bug
1802, 3501, méchants, not bug
1803, 3502, formation, bug
1804, 3505, gentils, not bug
1805, 3506, premières, not bug
1806, 3507, passagers, not bug
1807, 3510, mangez, bug
1808, 3513, Ruth, bug
1809, 3514, min, bug
1810, 3515, préférée, bug
1811, 3516, perdez, bug
1812, 3519, connue, bug
1813, 3520, eaux, bug
1814, 3521, deviennent, bug
1815, 3522, emporter, bug
1816, 3523, Gary, bug
1817, 3525, citoyens, not bug
1818, 3526, von, bug
1819, 3528, ranch, bug
1820, 3529, Karen, bug
1821, 3530, business, not bug
1822, 3531, your, bug
1823, 3533, étonne, bug
1824, 3534, terroristes, not bug
1825, 3535, that, bug
1826, 3536, micro, bug
1827, 3537, ordure, bug
1828, 3540, unités, not bug
1829, 3542, joueurs, not bug
1830, 3543, beth, bug
1831, 3544, vincent, bug
1832, 3545, voies, not bug
1833, 3546, regardais, not bug
1834, 3547, saloperie, bug
1835, 3548, traverse, bug
1836, 3550, expériences, not bug
1837, 3551, Miami, bug
1838, 3552, opérations, not bug
1839, 3553, santa, bug
1840, 3554, arrange, bug
1841, 3555, dragon, bug
1842, 3556, sûrs, not bug
1843, 3557, enterrer, bug
1844, 3558, pouviez, bug
1845, 3564, donna, bug
1846, 3566, commandé, bug
1847, 3568, dés, not bug
1848, 3569, couronne, bug
1849, 3570, oublierai, bug
1850, 3572, procédure, bug
1851, 3573, rendez, bug
1852, 3575, retourné, bug
1853, 3576, relax, bug
1854, 3577, publique, bug
1855, 3578, appart, bug
1856, 3579, imagines, not bug
1857, 3580, jouent, bug
1858, 3581, inde, bug
1859, 3582, travaillent, bug
1860, 3583, essaies, not bug
1861, 3584, Lincoln, bug
1862, 3585, psy, bug
1863, 3586, Vince, bug
1864, 3588, étranges, not bug
1865, 3589, apres, not bug
1866, 3590, nombreuses, not bug
1867, 3592, fit, bug
1868, 3594, cherchait, bug
1869, 3596, groupes, not bug
1870, 3597, white, bug
1871, 3603, tentative, bug
1872, 3604, négatif, bug
1873, 3605, autorités, not bug
1874, 3606, buter, bug
1875, 3607, connerie, bug
1876, 3608, proposé, bug
1877, 3609, manières, not bug
1878, 3612, blessée, bug
1879, 3615, bonté, bug
1880, 3616, Marcus, not bug
1881, 3617, CIA, bug
1882, 3618, sauvages, not bug
1883, 3619, personnelle, bug
1884, 3620, couvre, bug
1885, 3623, out, bug
1886, 3624, savaient, bug
1887, 3625, entretien, bug
1888, 3626, bouffer, bug
1889, 3627, ouai, bug
1890, 3628, impressionnant, bug
1891, 3632, collègues, not bug
1892, 3633, chefs, not bug
1893, 3635, entendue, bug
1894, 3636, sœurs, not bug
1895, 3637, êtait, bug
1896, 3638, semblent, bug
1897, 3640, coule, bug
1898, 3641, dépasse, bug
1899, 3642, réunis, not bug
1900, 3643, plairait, bug
1901, 3644, enlevez, bug
1902, 3645, trompes, not bug
1903, 3647, technologie, bug
1904, 3648, patrie, bug
1905, 3649, conséquences, not bug
1906, 3650, Margaret, bug
1907, 3652, habits, not bug
1908, 3654, Ross, not bug
1909, 3656, abattu, bug
1910, 3657, cran, bug
1911, 3658, nue, bug
1912, 3664, reçoit, bug
1913, 3666, levez, bug
1914, 3667, piqué, bug
1915, 3670, allume, bug
1916, 3672, juan, bug
1917, 3675, filé, bug
1918, 3676, éteint, bug
1919, 3682, oscar, bug
1920, 3684, découvre, bug
1921, 3685, département, bug
1922, 3686, vise, bug
1923, 3688, renforts, not bug
1924, 3689, lily, bug
1925, 3690, événements, not bug
1926, 3691, innocents, not bug
1927, 3692, ç, bug
1928, 3693, organisé, bug
1929, 3695, devras, not bug
1930, 3696, reprends, not bug
1931, 3698, cole, bug
1932, 3699, souffert, bug
1933, 3700, excitant, bug
1934, 3701, façons, not bug
1935, 3702, saurai, bug
1936, 3703, charlotte, bug
1937, 3704, sou, bug
1938, 3706, ken, bug
1939, 3707, benny, bug
1940, 3708, usa, bug
1941, 3709, volée, bug
1942, 3710, préférerais, not bug
1943, 3713, changent, bug
1944, 3714, revienne, bug
1945, 3715, solitaire, bug
1946, 3717, rocky, bug
1947, 3718, vérifiez, bug
1948, 3719, ose, bug
1949, 3727, repris, not bug
1950, 3729, carol, bug
1951, 3730, williams, not bug
1952, 3731, jo, bug
1953, 3732, préparez, bug
1954, 3733, garce, bug
1955, 3734, mêle, bug
1956, 3736, motel, bug
1957, 3737, pro, bug
1958, 3738, autorisé, bug
1959, 3739, principale, bug
1960, 3741, devenus, not bug
1961, 3742, italie, bug
1962, 3743, intéressante, bug
1963, 3744, jonathan, bug
1964, 3746, ère, bug
1965, 3747, invisible, bug
1966, 3748, dégâts, not bug
1967, 3749, clark, bug
1968, 3751, suggère, bug
1969, 3752, rigole, bug
1970, 3754, éclater, bug
1971, 3756, disques, not bug
1972, 3757, manquait, bug
1973, 3759, valait, bug
1974, 3760, fusils, not bug
1975, 3761, émotions, not bug
1976, 3762, queje, bug
1977, 3764, simples, not bug
1978, 3765, éléments, not bug
1979, 3766, exception, bug
1980, 3773, nathan, bug
1981, 3774, possibilité, bug
1982, 3776, marqué, bug
1983, 3777, caporal, bug
1984, 3778, déplacer, bug
1985, 3779, devrez, bug
1986, 3780, morale, bug
1987, 3781, insiste, bug
1988, 3782, katie, bug
1989, 3783, parking, bug
1990, 3785, pouvaient, bug
1991, 3786, personnages, not bug
1992, 3788, intéressé, bug
1993, 3790, adoré, bug
1994, 3793, kg, bug
1995, 3795, séparés, not bug
1996, 3796, traîne, bug
1997, 3798, déclaré, bug
1998, 3799, sire, bug
1999, 3800, pleut, bug
2000, 3803, Raymond, bug
2001, 3804, délire, bug
2002, 3805, pires, not bug
2003, 3806, rumeurs, not bug
2004, 3808, coûté, bug
2005, 3810, Stephen, bug
2006, 3812, one, bug
2007, 3813, poches, not bug
2008, 3815, illégal, bug
2009, 3816, restons, not bug
2010, 3817, bonhomme, bug
2011, 3818, appuie, bug
2012, 3819, difficiles, not bug
2013, 3820, laissera, bug
2014, 3821, courte, bug
2015, 3822, lâ, bug
2016, 3823, tuent, bug
2017, 3824, lot, bug
2018, 3825, levé, bug
2019, 3826, seules, not bug
2020, 3827, vivez, bug
2021, 3828, personnalité, bug
2022, 3829, leo, bug
2023, 3831, conclu, bug
2024, 3832, frigo, bug
2025, 3833, admire, bug
2026, 3836, oblige, bug
2027, 3837, commandes, not bug
2028, 3840, dettes, not bug
2029, 3843, pages, not bug
2030, 3845, violent, bug
2031, 3847, conseille, bug
2032, 3848, vendeur, bug
2033, 3849, visages, not bug
2034, 3851, essayait, bug
2035, 3852, serré, bug
2036, 3853, mères, not bug
2037, 3854, tels, not bug
2038, 3859, mourra, bug
2039, 3860, rejoins, not bug
2040, 3862, blagues, not bug
2041, 3863, duke, bug
2042, 3865, bienvenu, bug
2043, 3866, donnait, bug
2044, 3867, gratuit, bug
2045, 3868, boîtes, not bug
2046, 3869, marches, not bug
2047, 3870, Brooklyn, bug
2048, 3871, valises, not bug
2049, 3872, enfermé, bug
2050, 3873, gants, not bug
2051, 3874, rompu, bug
2052, 3875, coïncidence, bug
2053, 3880, trahison, bug
2054, 3881, téléphoné, bug
2055, 3883, feuilles, not bug
2056, 3885, révérend, bug
2057, 3886, censée, bug
2058, 3887, devaient, bug
2059, 3888, placé, bug
2060, 3890, enfui, bug
2061, 3891, impliqué, bug
2062, 3892, vire, bug
2063, 3893, pilules, not bug
2064, 3894, préfères, not bug
2065, 3895, for, bug
2066, 3897, manges, not bug
2067, 3898, pleuré, bug
2068, 3901, reprend, bug
2069, 3902, emporte, bug
2070, 3904, mette, bug
2071, 3905, bizarres, not bug
2072, 3908, termes, not bug
2073, 3909, journalistes, not bug
2074, 3910, honnêtement, bug
2075, 3912, longs, not bug
2076, 3914, démons, not bug
2077, 3915, impôts, not bug
2078, 3916, massacre, bug
2079, 3919, sociale, bug
2080, 3922, doug, bug
2081, 3923, péchés, not bug
2082, 3924, laissent, bug
2083, 3926, divine, bug
2084, 3927, éloigner, bug
2085, 3928, clan, bug
2086, 3929, obligée, bug
2087, 3930, xena, bug
2088, 3932, concentrer, bug
2089, 3933, venons, not bug
2090, 3934, opéra, bug
2091, 3938, aimerai, bug
2092, 3939, z, bug
2093, 3940, sortons, not bug
2094, 3942, lawrence, bug
2095, 3944, sean, bug
2096, 3945, mesures, not bug
2097, 3947, toast, bug
2098, 3948, postes, not bug
2099, 3952, banques, not bug
2100, 3953, tonnes, not bug
2101, 3954, gentleman, bug
2102, 3955, zut, bug
2103, 3956, numéros, not bug
2104, 3959, otages, not bug
2105, 3963, jersey, bug
2106, 3965, ellen, bug
2107, 3966, déconne, bug
2108, 3967, fabuleux, bug
2109, 3968, dennis, not bug
2110, 3969, complexe, bug
2111, 3971, trouille, bug
2112, 3972, us, not bug
2113, 3973, débrouiller, bug
2114, 3974, commencent, bug
2115, 3976, vraies, not bug
2116, 3977, discute, bug
2117, 3978, communiste, bug
2118, 3979, francs, not bug
2119, 3980, sacrifice, bug
2120, 3981, française, bug
2121, 3985, mettra, bug
2122, 3987, drogues, not bug
2123, 3989, pendu, bug
2124, 3991, tireur, bug
2125, 3992, eut, bug
2126, 3996, crée, bug
2127, 3997, équipement, bug
2128, 4000, salue, bug
2129, 4002, défi, bug
2130, 4003, trouvés, not bug
2131, 4004, rencontrée, bug
2132, 4005, boum, bug
2133, 4006, longues, not bug
2134, 4007, telles, not bug
2135, 4008, arriverai, bug
2136, 4009, gâché, bug
2137, 4010, harris, not bug
2138, 4011, brigade, bug
2139, 4012, fiers, not bug
2140, 4014, cieux, bug
2141, 4015, contient, bug
2142, 4017, oignons, not bug
2143, 4018, vaches, not bug
2144, 4019, sensation, bug
2145, 4020, chanceux, bug
2146, 4021, angela, bug
2147, 4022, gamine, bug
2148, 4023, cooper, bug
2149, 4024, cessé, bug
2150, 4025, tina, bug
2151, 4026, ressemblait, bug
2152, 4028, scènes, not bug
2153, 4029, solitude, bug
2154, 4033, rejoint, bug
2155, 4035, armés, not bug
2156, 4037, regardent, bug
2157, 4038, chant, bug
2158, 4039, verte, bug
2159, 4040, couru, bug
2160, 4041, regardait, bug
2161, 4042, ford, bug
2162, 4043, besoins, not bug
2163, 4044, terroriste, bug
2164, 4048, putes, not bug
2165, 4049, sachez, bug
2166, 4050, harold, bug
2167, 4051, amenez, bug
2168, 4053, causé, bug
2169, 4054, entraîneur, bug
2170, 4055, rigoles, not bug
2171, 4056, amanda, bug
2172, 4057, présenté, bug
2173, 4058, trompez, bug
2174, 4059, mordu, bug
2175, 4060, vampire, bug
2176, 4061, jacques, not bug
2177, 4062, fans, not bug
2178, 4063, bourré, bug
2179, 4064, éliminer, bug
2180, 4065, enfoirés, not bug
2181, 4066, freddy, bug
2182, 4068, pourvu, bug
2183, 4069, décisions, not bug
2184, 4070, eve, bug
2185, 4071, jacob, bug
2186, 4073, croirait, bug
2187, 4075, politiques, not bug
2188, 4076, taux, bug
2189, 4078, jetez, bug
2190, 4079, malédiction, bug
2191, 4082, pompes, not bug
2192, 4086, sexuelle, bug
2193, 4087, regardant, bug
2194, 4088, ordonne, bug
2195, 4094, ongles, not bug
2196, 4095, pratiquement, bug
2197, 4096, laissons, not bug
2198, 4097, jalouse, bug
2199, 4098, outils, not bug
2200, 4100, tueurs, not bug
2201, 4101, terriblement, bug
2202, 4102, charité, bug
2203, 4103, prêtes, not bug
2204, 4104, écriture, bug
2205, 4105, oublies, not bug
2206, 4106, adorent, bug
2207, 4107, etje, bug
2208, 4109, irez, bug
2209, 4111, bush, bug
2210, 4112, arrêtera, bug
2211, 4115, revenus, not bug
2212, 4116, pisse, bug
2213, 4117, renvoyé, bug
2214, 4118, sachant, bug
2215, 4119, tombes, not bug
2216, 4120, rois, not bug
2217, 4123, relève, bug
2218, 4124, judy, bug
2219, 4125, aidez, bug
2220, 4126, môme, bug
2221, 4127, diego, bug
2222, 4129, routes, not bug
2223, 4130, ravissante, bug
2224, 4131, coach, bug
2225, 4135, jouets, not bug
2226, 4136, jennifer, bug
2227, 4137, usage, bug
2228, 4138, prières, not bug
2229, 4141, suffira, bug
2230, 4143, singes, not bug
2231, 4150, caroline, bug
2232, 4151, demandent, bug
2233, 4153, côtes, not bug
2234, 4155, fermes, not bug
2235, 4156, patrouille, bug
2236, 4158, tit, bug
2237, 4159, mérites, not bug
2238, 4161, jusque, bug
2239, 4163, çà, bug
2240, 4164, be, bug
2241, 4165, médical, bug
2242, 4166, ieur, bug
2243, 4167, svp, bug
2244, 4168, ron, bug
2245, 4170, plaisantez, bug
2246, 4173, espèces, not bug
2247, 4175, came, bug
2248, 4177, allen, bug
2249, 4178, teddy, bug
2250, 4179, annulé, bug
2251, 4180, dangereuse, bug
2252, 4182, nanas, not bug
2253, 4183, tiendra, bug
2254, 4184, emmenez, bug
2255, 4185, passerai, bug
2256, 4187, habillé, bug
2257, 4188, guerrier, bug
2258, 4189, pique, bug
2259, 4192, sépare, bug
2260, 4193, agi, bug
2261, 4194, ordonné, bug
2262, 4195, serre, bug
2263, 4196, neil, bug
2264, 4197, cassée, bug
2265, 4198, deviez, bug
2266, 4199, arts, not bug
2267, 4201, anthony, bug
2268, 4203, pirates, not bug
2269, 4205, menacé, bug
2270, 4206, so, bug
2271, 4207, détendre, bug
2272, 4211, expliqué, bug
2273, 4212, lecture, bug
2274, 4213, josh, bug
2275, 4214, attire, bug
2276, 4215, carrément, bug
2277, 4216, irons, not bug
2278, 4217, mere, bug
2279, 4218, combats, not bug
2280, 4219, pensons, not bug
2281, 4221, travaillais, not bug
2282, 4223, queique, bug
2283, 4225, marines, not bug
2284, 4226, enverrai, bug
2285, 4227, hill, bug
2286, 4230, ouvriers, not bug
2287, 4231, marques, not bug
2288, 4232, dépassé, bug
2289, 4233, pa, bug
2290, 4234, ailles, not bug
2291, 4235, bats, not bug
2292, 4236, pourront, bug
2293, 4239, marins, not bug
2294, 4242, combinaison, bug
2295, 4243, demandait, bug
2296, 4245, sonné, bug
2297, 4246, flammes, not bug
2298, 4247, dégueulasse, bug
2299, 4248, ø, bug
2300, 4251, envoyée, bug
2301, 4252, green, bug
2302, 4253, dépose, bug
2303, 4254, lâché, bug
2304, 4255, réveillée, bug
2305, 4256, épaules, not bug
2306, 4257, jay, bug
2307, 4258, artistes, not bug
2308, 4260, vides, not bug
2309, 4261, er, bug
2310, 4262, énormément, bug
2311, 4263, team, bug
2312, 4264, quittes, not bug
2313, 4265, accuse, bug
2314, 4266, magicien, bug
2315, 4267, importants, not bug
2316, 4268, direz, bug
2317, 4270, paierai, bug
2318, 4271, écoles, not bug
2319, 4272, cm, bug
2320, 4273, reverra, bug
2321, 4274, articles, not bug
2322, 4275, trône, bug
2323, 4277, Andrew, bug
2324, 4279, endormi, bug
2325, 4280, lave, bug
2326, 4281, buddy, bug
2327, 4283, huh, bug
2328, 4284, foutus, not bug
2329, 4285, resterai, bug
2330, 4286, cendres, not bug
2331, 4287, stone, bug
2332, 4289, rumeur, bug
2333, 4291, vaudrait, bug
2334, 4294, tranquilles, not bug
2335, 4295, earl, bug
2336, 4297, planté, bug
2337, 4298, costumes, not bug
2338, 4299, mickey, bug
2339, 4300, machin, bug
2340, 4302, señor, bug
2341, 4303, indique, bug
2342, 4305, aurions, not bug
2343, 4306, times, not bug
2344, 4309, pourrons, not bug
2345, 4310, shirt, bug
2346, 4311, connards, not bug
2347, 4312, casino, bug
2348, 4315, essaierai, bug
2349, 4317, pipi, bug
2350, 4319, reviennent, bug
2351, 4323, fraîche, bug
2352, 4324, lié, bug
2353, 4325, maurice, bug
2354, 4326, little, bug
2355, 4327, disaient, bug
2356, 4329, pétrin, bug
2357, 4331, déclare, bug
2358, 4332, scientifiques, not bug
2359, 4333, coco, bug
2360, 4334, baissez, bug
2361, 4335, Anderson, bug
2362, 4336, censés, not bug
2363, 4337, Kansas, not bug
2364, 4338, boules, not bug
2365, 4339, sauras, not bug
2366, 4343, création, bug
2367, 4346, rio, bug
2368, 4347, dose, bug
2369, 4348, profonde, bug
2370, 4352, vaux, bug
2371, 4353, malheureuse, bug
2372, 4354, catholique, bug
2373, 4357, talents, not bug
2374, 4358, activités, not bug
2375, 4359, importantes, not bug
2376, 4360, bouteilles, not bug
2377, 4363, ned, bug
2378, 4365, plantes, not bug
2379, 4366, hong, bug
2380, 4368, plaisanterie, bug
2381, 4369, circuit, bug
2382, 4370, piges, not bug
2383, 4371, Moore, bug
2384, 4373, mines, not bug
2385, 4375, porno, bug
2386, 4376, comtesse, bug
2387, 4377, casque, bug
2388, 4378, rate, bug
2389, 4380, chacune, bug
2390, 4381, Jamie, bug
2391, 4385, élu, bug
2392, 4386, stupides, not bug
2393, 4387, pensiez, bug
2394, 4388, partant, bug
2395, 4389, cash, bug
2396, 4390, profite, bug
2397, 4391, caution, bug
2398, 4393, maudite, bug
2399, 4395, écart, bug
2400, 4396, inquiètes, not bug
2401, 4397, oú, bug
2402, 4398, évidence, bug
2403, 4399, leçons, not bug
2404, 4400, connus, not bug
2405, 4401, etc, bug
2406, 4402, retiré, bug
2407, 4403, Greg, bug
2408, 4404, rendent, bug
2409, 4407, Oliver, bug
2410, 4408, he, bug
2411, 4410, nichons, not bug
2412, 4411, capitale, bug
2413, 4413, équipes, not bug
2414, 4414, égoïste, bug
2415, 4415, partent, bug
2416, 4417, sincèrement, bug
2417, 4419, responsabilités, not bug
2418, 4420, associés, not bug
2419, 4422, dean, bug
2420, 4423, partirai, bug
2421, 4425, générale, bug
2422, 4427, vampires, not bug
2423, 4429, Nina, bug
2424, 4431, gâteaux, bug
2425, 4434, meubles, not bug
2426, 4435, gus, not bug
2427, 4436, voyages, not bug
2428, 4438, balade, bug
2429, 4439, allah, bug
2430, 4441, signez, bug
2431, 4443, ressenti, bug
2432, 4444, führer, bug
2433, 4446, arrêtée, bug
2434, 4447, explose, bug
2435, 4448, range, bug
2436, 4450, tombent, bug
2437, 4453, fiches, not bug
2438, 4454, embête, bug
2439, 4455, caravane, bug
2440, 4457, Manhattan, bug
2441, 4459, blue, bug
2442, 4460, vagues, not bug
2443, 4461, pleins, not bug
2444, 4462, fascinant, bug
2445, 4463, doutais, not bug
2446, 4465, commercial, bug
2447, 4469, arrete, bug
2448, 4470, pères, not bug
2449, 4472, tennis, not bug
2450, 4473, Marc, bug
2451, 4474, navrée, bug
2452, 4475, civilisation, bug
2453, 4477, retenu, bug
2454, 4478, moutons, not bug
2455, 4479, draps, not bug
2456, 4480, servent, bug
2457, 4481, jouais, not bug
2458, 4482, éternelle, bug
2459, 4483, couches, not bug
2460, 4485, ramasse, bug
2461, 4488, rendra, bug
2462, 4489, sujets, not bug
2463, 4491, portez, bug
2464, 4493, observe, bug
2465, 4494, ouverts, not bug
2466, 4495, vues, not bug
2467, 4496, sortait, bug
2468, 4497, passais, not bug
2469, 4498, ris, not bug
2470, 4499, transfert, bug
2471, 4500, bidon, bug
2472, 4501, météo, bug
2473, 4502, explosé, bug
2474, 4503, loyauté, bug
2475, 4507, hélicoptère, bug
2476, 4509, liens, not bug
2477, 4512, Craig, bug
2478, 4513, Vietnam, bug
2479, 4514, Claude, bug
2480, 4515, pacifique, bug
2481, 4516, fringues, not bug
2482, 4517, demie, bug
2483, 4519, we, bug
2484, 4520, mangent, bug
2485, 4521, connaissiez, bug
2486, 4522, rares, not bug
2487, 4523, naturelle, bug
2488, 4524, sue, bug
2489, 4525, ricky, bug
2490, 4527, fâchée, bug
2491, 4528, portent, bug
2492, 4529, kay, bug
2493, 4530, karl, bug
2494, 4531, pareils, not bug
2495, 4532, légal, bug
2496, 4533, tracy, bug
2497, 4534, eus, not bug
2498, 4535, pr, bug
2499, 4536, civils, not bug
2500, 4537, inconnue, bug
2501, 4538, eva, bug
2502, 4540, nicky, bug
2503, 4541, steven, bug
2504, 4543, méchante, bug
2505, 4544, lancement, bug
2506, 4545, quartiers, not bug
2507, 4546, douceur, bug
2508, 4547, tendu, bug
2509, 4549, stuart, bug
2510, 4550, leader, bug
2511, 4551, pilotes, not bug
2512, 4552, ètait, bug
2513, 4554, tenais, not bug
2514, 4555, royale, bug
2515, 4556, cordes, not bug
2516, 4557, arrivez, bug
2517, 4558, bandes, not bug
2518, 4560, magnifiques, not bug
2519, 4561, emma, bug
2520, 4562, wallace, bug
2521, 4563, veronica, bug
2522, 4564, tv, bug
2523, 4565, adn, bug
2524, 4567, meure, bug
2525, 4568, airs, not bug
2526, 4569, emmenée, bug
2527, 4571, peste, bug
2528, 4572, Antonio, bug
2529, 4574, médias, not bug
2530, 4576, avertissement, bug
2531, 4577, brille, bug
2532, 4578, Pedro, bug
2533, 4580, pompiers, not bug
2534, 4581, engin, bug
2535, 4582, douée, bug
2536, 4583, oublions, not bug
2537, 4584, plains, not bug
2538, 4585, systèmes, not bug
2539, 4587, Sonny, bug
2540, 4588, patiente, bug
2541, 4589, coincée, bug
2542, 4590, canons, not bug
2543, 4591, partira, bug
2544, 4593, beach, bug
2545, 4594, poussez, bug
2546, 4595, saigne, bug
2547, 4596, toc, bug
2548, 4599, missiles, not bug
2549, 4600, compétition, bug
2550, 4601, buvons, not bug
2551, 4604, warren, bug
2552, 4607, enregistré, bug
2553, 4608, collins, not bug
2554, 4610, doutes, not bug
2555, 4611, sien, bug
2556, 4613, sammy, bug
2557, 4614, audition, bug
2558, 4616, opportunité, bug
2559, 4617, scotch, bug
2560, 4618, imaginé, bug
2561, 4619, coke, bug
2562, 4620, existent, bug
2563, 4622, pearl, bug
2564, 4623, basse, bug
2565, 4625, déja, bug
2566, 4626, historique, bug
2567, 4627, officiellement, bug
2568, 4629, loge, bug
2569, 4630, francis, not bug
2570, 4632, osé, bug
2571, 4634, serpents, not bug
2572, 4635, demanderai, bug
2573, 4637, deviné, bug
2574, 4638, armées, not bug
2575, 4639, promesses, not bug
2576, 4640, chaînes, not bug
2577, 4641, sentait, bug
2578, 4643, viennes, not bug
2579, 4645, poker, bug
2580, 4646, saleté, bug
2581, 4647, sandy, bug
2582, 4648, ã, bug
2583, 4649, irak, bug
2584, 4650, commences, not bug
2585, 4651, crevé, bug
2586, 4652, cuba, bug
2587, 4653, wendy, bug
2588, 4654, profil, bug
2589, 4655, travis, not bug
2590, 4657, viendront, bug
2591, 4658, étudie, bug
2592, 4659, apportez, bug
2593, 4661, crié, bug
2594, 4662, entraîne, bug
2595, 4664, changements, not bug
2596, 4665, joan, bug
2597, 4666, correctement, bug
2598, 4667, essaient, bug
2599, 4668, mouvements, not bug
2600, 4670, formes, not bug
2601, 4671, coca, bug
2602, 4676, conçu, bug
2603, 4677, revu, bug
2604, 4679, sauvée, bug
2605, 4681, conne, bug
2606, 4683, aiier, bug
2607, 4684, ondes, not bug
2608, 4685, ralph, bug
2609, 4686, mené, bug
2610, 4688, évacuer, bug
2611, 4689, parié, bug
2612, 4690, bières, not bug
2613, 4692, Russell, bug
2614, 4693, identifié, bug
2615, 4694, recevez, bug
2616, 4695, cachée, bug
2617, 4696, évite, bug
2618, 4697, dormais, not bug
2619, 4698, utilisez, bug
2620, 4699, décès, not bug
2621, 4700, guy, bug
2622, 4701, get, bug
2623, 4703, fui, bug
2624, 4704, ressemblent, bug
2625, 4706, fatigue, bug
2626, 4707, ancêtres, not bug
2627, 4708, camions, not bug
2628, 4709, dormez, bug
2629, 4711, duré, bug
2630, 4713, vôtres, not bug
2631, 4714, cuit, bug
2632, 4715, marchait, bug
2633, 4717, come, bug
2634, 4718, suspects, not bug
2635, 4719, menottes, not bug
2636, 4720, nique, bug
2637, 4722, rit, bug
2638, 4723, pognon, bug
2639, 4726, Ronnie, bug
2640, 4727, établir, bug
2641, 4728, mettons, not bug
2642, 4729, retrouvée, bug
2643, 4730, sabre, bug
2644, 4731, André, bug
2645, 4732, épuisé, bug
2646, 4733, restés, not bug
2647, 4734, continues, not bug
2648, 4736, kid, bug
2649, 4737, lola, bug
2650, 4738, prés, not bug
2651, 4740, souvient, bug
2652, 4741, enfermer, bug
2653, 4742, thérapie, bug
2654, 4743, vaisselle, bug
2655, 4744, tournez, bug
2656, 4745, accorde, bug
2657, 4746, chemins, not bug
2658, 4749, uh, bug
2659, 4750, Kennedy, bug
2660, 4751, nettoie, bug
2661, 4753, discuté, bug
2662, 4754, touches, not bug
2663, 4755, impact, bug
2664, 4756, dessins, not bug
2665, 4758, suivent, bug
2666, 4759, sienne, bug
2667, 4760, verrons, not bug
2668, 4762, états, not bug
2669, 4763, vivons, not bug
2670, 4764, Mitchell, bug
2671, 4765, écrasé, bug
2672, 4766, tiennent, bug
2673, 4768, connaissons, not bug
2674, 4769, Murphy, bug
2675, 4770, Ivan, bug
2676, 4771, supposé, bug
2677, 4773, assistante, bug
2678, 4774, mettrai, bug
2679, 4777, réussite, bug
2680, 4779, boxe, bug
2681, 4780, proposer, bug
2682, 4781, boutons, not bug
2683, 4782, arriverait, bug
2684, 4783, assassins, not bug
2685, 4784, répétition, bug
2686, 4785, agissait, bug
2687, 4786, culpabilité, bug
2688, 4788, blanches, not bug
2689, 4789, brésil, bug
2690, 4790, penny, bug
2691, 4791, maîtres, not bug
2692, 4793, miracles, not bug
2693, 4794, hello, bug
2694, 4796, collines, not bug
2695, 4799, considère, bug
2696, 4801, whoa, bug
2697, 4802, comprennent, bug
2698, 4803, Christian, bug
2699, 4804, Justin, bug
2700, 4805, méthodes, not bug
2701, 4808, Tyler, bug
2702, 4809, légère, bug
2703, 4810, sortant, bug
2704, 4811, chaussettes, not bug
2705, 4813, remet, bug
2706, 4814, mentez, bug
2707, 4815, bud, bug
2708, 4816, Abby, bug
2709, 4817, poils, not bug
2710, 4820, arrivais, not bug
2711, 4821, escaliers, not bug
2712, 4822, funérailles, not bug
2713, 4824, noté, bug
2714, 4825, prenais, not bug
2715, 4826, conducteur, bug
2716, 4827, subi, bug
2717, 4829, noires, not bug
2718, 4831, prendrais, not bug
2719, 4834, satan, bug
2720, 4835, occuperai, bug
2721, 4836, dog, bug
2722, 4838, carmen, bug
2723, 4840, responsables, not bug
2724, 4841, raccroche, bug
2725, 4842, intentions, not bug
2726, 4844, négocier, bug
2727, 4847, batte, bug
2728, 4851, fermés, not bug
2729, 4852, ressources, not bug
2730, 4853, rayons, not bug
2731, 4854, innocente, bug
2732, 4855, Harvard, bug
2733, 4856, expédition, bug
2734, 4857, may, bug
2735, 4859, plaira, bug
2736, 4860, bêtise, bug
2737, 4862, jugé, bug
2738, 4863, Mitch, bug
2739, 4864, organise, bug
2740, 4865, rappelé, bug
2741, 4866, puissante, bug
2742, 4867, pertes, not bug
2743, 4868, saurait, bug
2744, 4869, planque, bug
2745, 4872, gentiment, bug
2746, 4874, chienne, bug
2747, 4875, tristesse, bug
2748, 4877, occupera, bug
2749, 4878, Benjamin, bug
2750, 4880, bloqué, bug
2751, 4883, contents, not bug
2752, 4884, visites, not bug
2753, 4886, effectivement, bug
2754, 4889, manager, bug
2755, 4891, anglaise, bug
2756, 4892, cauchemars, not bug
2757, 4893, Jan, bug
2758, 4894, continué, bug
2759, 4895, réduit, bug
2760, 4897, filmé, bug
2761, 4898, stars, not bug
2762, 4899, Owen, bug
2763, 4900, embrassé, bug
2764, 4901, peint, bug
2765, 4902, reparti, bug
2766, 4904, Lloyd, bug
2767, 4905, voisine, bug
2768, 4907, frankenstein, bug
2769, 4908, attaques, not bug
2770, 4909, gênant, bug
2771, 4910, superman, bug
2772, 4911, arrivant, bug
2773, 4912, brillante, bug
2774, 4913, atterrissage, bug
2775, 4914, attendra, bug
2776, 4917, faibles, not bug
2777, 4919, Bruno, bug
2778, 4920, Christine, bug
2779, 4921, Rebecca, bug
2780, 4922, bang, bug
2781, 4923, pété, bug
2782, 4924, gardiens, not bug
2783, 4926, soda, bug
2784, 4927, frites, not bug
2785, 4928, fées, not bug
2786, 4929, angel, bug
2787, 4930, mm, bug
2788, 4931, aperçu, bug
2789, 4932, imaginais, not bug
2790, 4934, énormes, not bug
2791, 4935, wade, bug
2792, 4936, choisit, bug
2793, 4937, montée, bug
2794, 4939, principes, not bug
2795, 4940, homo, bug
2796, 4942, cochons, not bug
2797, 4943, spécialiste, bug
2798, 4944, repéré, bug
2799, 4945, récupéré, bug
2800, 4946, extra, bug
2801, 4947, éclate, bug
2802, 4948, survivants, not bug
2803, 4953, excité, bug
2804, 4954, Houston, bug
2805, 4955, jules, not bug
2806, 4957, chasseurs, not bug
2807, 4958, walker, bug
2808, 4959, with, bug
2809, 4961, urgences, not bug
2810, 4962, mérité, bug
2811, 4963, dépensé, bug
2812, 4964, boys, not bug
2813, 4966, équilibre, bug
2814, 4967, allumé, bug
2815, 4968, lâches, not bug
2816, 4969, bruits, not bug
2817, 4970, protégé, bug
2818, 4971, résolu, bug
2819, 4972, probable, bug
2820, 4973, poursuite, bug
2821, 4974, baker, bug
2822, 4975, résidence, bug
2823, 4977, Clyde, bug
2824, 4978, muscles, not bug
2825, 4979, passées, not bug
2826, 4984, mortes, not bug
2827, 4985, trompée, bug
2828, 4986, morgue, bug
2829, 4987, cherchons, not bug
2830, 4988, coma, bug
2831, 4989, capables, not bug
2832, 4990, berger, bug
2833, 4991, apprendra, bug
2834, 4993, dises, not bug
2835, 4995, permets, not bug
2836, 4996, mafia, bug
2837, 4998, lesquelles, not bug
2838, 4999, cachette, bug
